"col_sub","blockNr","trialNr","choice","shockOutcome","rewardOutcome"
"RLT_41",1,1,1,1,1
"RLT_41",1,2,2,2,2
"RLT_41",1,3,1,1,2
"RLT_41",1,4,2,2,2
"RLT_41",1,5,1,1,1
"RLT_41",1,6,1,2,2
"RLT_41",1,7,2,1,2
"RLT_41",1,8,1,2,1
"RLT_41",1,9,1,2,1
"RLT_41",1,10,1,1,2
"RLT_41",1,1,1,1,1
"RLT_41",1,2,1,1,1
"RLT_41",1,3,1,1,1
"RLT_41",1,4,1,1,1
"RLT_41",1,5,1,1,1
"RLT_41",1,6,1,1,1
"RLT_41",1,7,1,1,1
"RLT_41",1,8,1,1,1
"RLT_41",1,9,1,1,1
"RLT_41",1,10,1,1,1
"RLT_41",2,1,2,1,2
"RLT_41",2,2,1,2,1
"RLT_41",2,3,2,1,2
"RLT_41",2,4,1,1,2
"RLT_41",2,5,2,1,2
"RLT_41",2,6,1,2,1
"RLT_41",2,7,2,1,2
"RLT_41",2,8,1,2,1
"RLT_41",2,9,1,2,1
"RLT_41",2,10,1,2,1
"RLT_41",2,1,2,1,2
"RLT_41",2,2,2,1,2
"RLT_41",2,3,2,2,2
"RLT_41",2,4,2,1,2
"RLT_41",2,5,2,1,2
"RLT_41",2,6,2,1,2
"RLT_41",2,7,2,2,2
"RLT_41",2,8,2,1,2
"RLT_41",2,9,2,1,2
"RLT_41",2,10,2,1,2
"RLT_41",3,1,2,1,2
"RLT_41",3,2,1,2,1
"RLT_41",3,3,2,2,2
"RLT_41",3,4,1,2,2
"RLT_41",3,5,1,2,1
"RLT_41",3,6,1,2,1
"RLT_41",3,7,2,1,2
"RLT_41",3,8,1,2,1
"RLT_41",3,9,1,1,1
"RLT_41",3,10,1,2,1
"RLT_41",3,1,1,1,2
"RLT_41",3,2,1,1,1
"RLT_41",3,3,1,1,2
"RLT_41",3,4,1,1,1
"RLT_41",3,5,1,1,1
"RLT_41",3,6,1,1,1
"RLT_41",3,7,1,1,2
"RLT_41",3,8,1,1,1
"RLT_41",3,9,1,1,1
"RLT_41",3,10,1,1,1
"RLT_41",4,1,1,2,1
"RLT_41",4,2,2,1,2
"RLT_41",4,3,1,2,1
"RLT_41",4,4,2,2,2
"RLT_41",4,5,1,2,1
"RLT_41",4,6,1,2,1
"RLT_41",4,7,1,2,2
"RLT_41",4,8,1,2,1
"RLT_41",4,9,1,2,1
"RLT_41",4,10,1,2,1
"RLT_41",4,1,2,1,2
"RLT_41",4,2,2,1,2
"RLT_41",4,3,2,2,2
"RLT_41",4,4,2,1,2
"RLT_41",4,5,2,1,2
"RLT_41",4,6,2,1,2
"RLT_41",4,7,2,1,2
"RLT_41",4,8,2,1,2
"RLT_41",4,9,2,1,2
"RLT_41",4,10,2,1,2
"RLT_41",5,1,2,1,1
"RLT_41",5,2,2,2,2
"RLT_41",5,3,1,1,1
"RLT_41",5,4,1,2,1
"RLT_41",5,5,1,1,1
"RLT_41",5,6,1,2,1
"RLT_41",5,7,2,2,2
"RLT_41",5,8,2,1,2
"RLT_41",5,9,1,2,1
"RLT_41",5,10,2,1,2
"RLT_41",5,1,1,1,2
"RLT_41",5,2,2,1,2
"RLT_41",5,3,2,1,2
"RLT_41",5,4,1,1,1
"RLT_41",5,5,1,1,1
"RLT_41",5,6,1,1,1
"RLT_41",5,7,1,1,2
"RLT_41",5,8,1,1,1
"RLT_41",5,9,1,1,1
"RLT_41",5,10,1,1,1
"RLT_41",6,1,2,1,2
"RLT_41",6,2,1,2,1
"RLT_41",6,3,2,1,2
"RLT_41",6,4,1,2,1
"RLT_41",6,5,1,1,1
"RLT_41",6,6,1,1,1
"RLT_41",6,7,1,2,1
"RLT_41",6,8,1,1,2
"RLT_41",6,9,1,2,1
"RLT_41",6,10,1,1,2
"RLT_41",6,1,1,2,2
"RLT_41",6,2,2,1,2
"RLT_41",6,3,2,2,2
"RLT_41",6,4,2,1,2
"RLT_41",6,5,2,2,2
"RLT_41",6,6,2,1,2
"RLT_41",6,7,2,1,2
"RLT_41",6,8,2,1,2
"RLT_41",6,9,2,1,2
"RLT_41",6,10,2,2,2
"RLT_42",1,1,1,2,1
"RLT_42",1,2,1,2,2
"RLT_42",1,3,2,1,2
"RLT_42",1,4,2,1,2
"RLT_42",1,5,2,2,2
"RLT_42",1,6,2,1,2
"RLT_42",1,7,2,1,2
"RLT_42",1,8,2,1,1
"RLT_42",1,9,2,1,1
"RLT_42",1,10,2,1,2
"RLT_42",1,1,1,1,1
"RLT_42",1,2,2,1,1
"RLT_42",1,3,2,1,2
"RLT_42",1,4,2,1,2
"RLT_42",1,5,2,1,2
"RLT_42",1,6,2,1,2
"RLT_42",1,7,2,1,2
"RLT_42",1,8,2,1,2
"RLT_42",1,9,2,1,2
"RLT_42",1,10,2,1,2
"RLT_42",2,1,1,2,1
"RLT_42",2,2,1,1,2
"RLT_42",2,3,1,2,1
"RLT_42",2,4,1,1,1
"RLT_42",2,5,1,2,2
"RLT_42",2,6,1,2,1
"RLT_42",2,7,2,1,2
"RLT_42",2,8,2,1,1
"RLT_42",2,9,2,2,2
"RLT_42",2,10,2,2,1
"RLT_42",2,1,2,1,2
"RLT_42",2,2,2,1,2
"RLT_42",2,3,2,1,2
"RLT_42",2,4,2,2,2
"RLT_42",2,5,2,1,2
"RLT_42",2,6,2,1,2
"RLT_42",2,7,2,1,2
"RLT_42",2,8,2,1,2
"RLT_42",2,9,2,1,2
"RLT_42",2,10,2,1,2
"RLT_42",3,1,1,1,1
"RLT_42",3,2,2,1,2
"RLT_42",3,3,2,1,1
"RLT_42",3,4,1,2,2
"RLT_42",3,5,1,2,2
"RLT_42",3,6,2,1,2
"RLT_42",3,7,1,2,1
"RLT_42",3,8,2,1,1
"RLT_42",3,9,2,1,2
"RLT_42",3,10,2,2,2
"RLT_42",3,1,1,1,2
"RLT_42",3,2,2,1,2
"RLT_42",3,3,1,1,2
"RLT_42",3,4,1,2,2
"RLT_42",3,5,2,1,2
"RLT_42",3,6,2,2,2
"RLT_42",3,7,2,1,2
"RLT_42",3,8,2,1,2
"RLT_42",3,9,2,1,2
"RLT_42",3,10,2,1,2
"RLT_42",4,1,2,1,2
"RLT_42",4,2,2,1,1
"RLT_42",4,3,2,1,2
"RLT_42",4,4,2,1,2
"RLT_42",4,5,2,1,2
"RLT_42",4,6,2,1,2
"RLT_42",4,7,2,1,2
"RLT_42",4,8,2,1,2
"RLT_42",4,9,2,1,2
"RLT_42",4,10,2,1,2
"RLT_42",4,1,1,1,2
"RLT_42",4,2,2,1,2
"RLT_42",4,3,2,1,1
"RLT_42",4,4,2,1,2
"RLT_42",4,5,2,1,2
"RLT_42",4,6,2,1,1
"RLT_42",4,7,2,1,2
"RLT_42",4,8,2,1,2
"RLT_42",4,9,2,1,2
"RLT_42",4,10,2,1,2
"RLT_42",5,1,1,2,1
"RLT_42",5,2,2,1,2
"RLT_42",5,3,2,2,1
"RLT_42",5,4,2,1,2
"RLT_42",5,5,2,1,2
"RLT_42",5,6,2,1,2
"RLT_42",5,7,2,1,2
"RLT_42",5,8,2,1,1
"RLT_42",5,9,2,2,2
"RLT_42",5,10,2,1,1
"RLT_42",5,1,1,1,2
"RLT_42",5,2,2,1,1
"RLT_42",5,3,2,1,2
"RLT_42",5,4,2,1,2
"RLT_42",5,5,2,1,2
"RLT_42",5,6,2,1,2
"RLT_42",5,7,2,1,2
"RLT_42",5,8,2,1,1
"RLT_42",5,9,2,1,1
"RLT_42",5,10,2,1,1
"RLT_42",6,1,2,1,2
"RLT_42",6,2,2,1,2
"RLT_42",6,3,2,1,2
"RLT_42",6,4,2,1,2
"RLT_42",6,5,2,1,2
"RLT_42",6,6,2,1,2
"RLT_42",6,7,2,1,1
"RLT_42",6,8,2,1,1
"RLT_42",6,9,2,2,2
"RLT_42",6,10,2,1,2
"RLT_42",6,1,2,1,2
"RLT_42",6,2,2,1,2
"RLT_42",6,3,2,1,2
"RLT_42",6,4,2,1,2
"RLT_42",6,5,2,1,2
"RLT_42",6,6,2,2,2
"RLT_42",6,7,2,2,2
"RLT_42",6,8,2,1,2
"RLT_42",6,9,2,1,2
"RLT_42",6,10,2,2,2
"RLT_43",1,1,2,1,1
"RLT_43",1,2,2,1,2
"RLT_43",1,3,2,1,2
"RLT_43",1,4,2,1,1
"RLT_43",1,5,2,1,2
"RLT_43",1,6,2,1,2
"RLT_43",1,7,2,2,1
"RLT_43",1,8,2,1,2
"RLT_43",1,9,2,1,2
"RLT_43",1,10,2,1,2
"RLT_43",1,1,2,1,2
"RLT_43",1,2,2,2,2
"RLT_43",1,3,2,1,2
"RLT_43",1,4,2,1,2
"RLT_43",1,5,2,1,2
"RLT_43",1,6,2,2,2
"RLT_43",1,7,2,1,2
"RLT_43",1,8,2,1,2
"RLT_43",1,9,2,2,2
"RLT_43",1,10,2,1,2
"RLT_43",2,1,2,1,2
"RLT_43",2,2,2,1,2
"RLT_43",2,3,2,1,2
"RLT_43",2,4,2,1,2
"RLT_43",2,5,2,2,2
"RLT_43",2,6,2,1,2
"RLT_43",2,7,2,1,2
"RLT_43",2,8,2,1,1
"RLT_43",2,9,2,1,2
"RLT_43",2,10,2,1,2
"RLT_43",2,1,2,2,2
"RLT_43",2,2,2,1,2
"RLT_43",2,3,2,1,2
"RLT_43",2,4,2,2,2
"RLT_43",2,5,2,1,2
"RLT_43",2,6,2,2,2
"RLT_43",2,7,2,1,2
"RLT_43",2,8,2,1,2
"RLT_43",2,9,2,2,2
"RLT_43",2,10,2,1,2
"RLT_43",3,1,2,1,1
"RLT_43",3,2,2,1,1
"RLT_43",3,3,2,1,2
"RLT_43",3,4,2,1,2
"RLT_43",3,5,2,1,1
"RLT_43",3,6,2,1,2
"RLT_43",3,7,2,2,1
"RLT_43",3,8,2,1,1
"RLT_43",3,9,2,1,2
"RLT_43",3,10,2,1,1
"RLT_43",3,1,1,1,1
"RLT_43",3,2,1,1,2
"RLT_43",3,3,1,1,1
"RLT_43",3,4,1,1,1
"RLT_43",3,5,1,1,1
"RLT_43",3,6,1,1,2
"RLT_43",3,7,1,1,1
"RLT_43",3,8,1,1,2
"RLT_43",3,9,1,1,1
"RLT_43",3,10,1,1,1
"RLT_43",4,1,2,2,2
"RLT_43",4,2,2,1,2
"RLT_43",4,3,2,1,2
"RLT_43",4,4,2,2,2
"RLT_43",4,5,2,1,2
"RLT_43",4,6,2,1,2
"RLT_43",4,7,2,1,2
"RLT_43",4,8,2,2,2
"RLT_43",4,9,2,1,2
"RLT_43",4,10,2,1,2
"RLT_43",4,1,2,1,2
"RLT_43",4,2,2,2,2
"RLT_43",4,3,2,2,2
"RLT_43",4,4,2,1,2
"RLT_43",4,5,2,1,2
"RLT_43",4,6,2,2,2
"RLT_43",4,7,2,2,2
"RLT_43",4,8,2,1,2
"RLT_43",4,9,2,1,2
"RLT_43",4,10,2,1,2
"RLT_43",5,1,2,2,2
"RLT_43",5,2,2,1,2
"RLT_43",5,3,2,1,2
"RLT_43",5,4,2,1,2
"RLT_43",5,5,2,1,2
"RLT_43",5,6,2,1,2
"RLT_43",5,7,2,2,2
"RLT_43",5,8,2,1,2
"RLT_43",5,9,2,2,2
"RLT_43",5,10,2,1,2
"RLT_43",5,1,1,1,1
"RLT_43",5,2,1,1,1
"RLT_43",5,3,1,1,1
"RLT_43",5,4,1,1,1
"RLT_43",5,5,1,1,1
"RLT_43",5,6,1,1,1
"RLT_43",5,7,1,1,1
"RLT_43",5,8,1,1,1
"RLT_43",5,9,1,1,2
"RLT_43",5,10,1,1,1
"RLT_43",6,1,2,1,2
"RLT_43",6,2,2,1,2
"RLT_43",6,3,2,1,2
"RLT_43",6,4,2,1,2
"RLT_43",6,5,2,1,2
"RLT_43",6,6,2,1,1
"RLT_43",6,7,2,1,2
"RLT_43",6,8,2,2,2
"RLT_43",6,9,2,2,2
"RLT_43",6,10,2,1,2
"RLT_43",6,1,1,1,1
"RLT_43",6,2,1,1,1
"RLT_43",6,3,1,1,1
"RLT_43",6,4,1,1,2
"RLT_43",6,5,1,1,1
"RLT_43",6,6,1,1,2
"RLT_43",6,7,1,1,1
"RLT_43",6,8,1,1,1
"RLT_43",6,9,1,1,1
"RLT_43",6,10,1,1,1
"RLT_44",1,1,1,2,2
"RLT_44",1,2,1,1,2
"RLT_44",1,3,1,2,1
"RLT_44",1,4,1,1,2
"RLT_44",1,5,2,2,2
"RLT_44",1,6,2,2,2
"RLT_44",1,7,2,1,2
"RLT_44",1,8,2,2,2
"RLT_44",1,9,2,1,2
"RLT_44",1,10,1,2,1
"RLT_44",1,1,1,1,2
"RLT_44",1,2,1,2,2
"RLT_44",1,3,2,1,2
"RLT_44",1,4,2,1,2
"RLT_44",1,5,2,1,2
"RLT_44",1,6,2,1,2
"RLT_44",1,7,2,1,2
"RLT_44",1,8,2,1,2
"RLT_44",1,9,2,1,2
"RLT_44",1,10,2,1,2
"RLT_44",2,1,1,2,1
"RLT_44",2,2,1,2,1
"RLT_44",2,3,1,2,2
"RLT_44",2,4,1,2,1
"RLT_44",2,5,1,1,2
"RLT_44",2,6,1,2,1
"RLT_44",2,7,1,2,2
"RLT_44",2,8,1,2,2
"RLT_44",2,9,1,2,1
"RLT_44",2,10,1,2,1
"RLT_44",2,1,1,1,1
"RLT_44",2,2,1,1,1
"RLT_44",2,3,1,1,2
"RLT_44",2,4,1,1,1
"RLT_44",2,5,1,1,1
"RLT_44",2,6,1,1,2
"RLT_44",2,7,1,1,1
"RLT_44",2,8,1,1,1
"RLT_44",2,9,1,1,1
"RLT_44",2,10,1,1,2
"RLT_44",3,1,1,1,1
"RLT_44",3,2,1,2,2
"RLT_44",3,3,1,2,1
"RLT_44",3,4,1,1,1
"RLT_44",3,5,2,1,2
"RLT_44",3,6,1,2,1
"RLT_44",3,7,1,2,1
"RLT_44",3,8,1,2,2
"RLT_44",3,9,1,2,2
"RLT_44",3,10,1,1,1
"RLT_44",3,1,1,1,1
"RLT_44",3,2,1,1,1
"RLT_44",3,3,1,1,1
"RLT_44",3,4,1,1,1
"RLT_44",3,5,1,1,1
"RLT_44",3,6,2,1,2
"RLT_44",3,7,1,1,1
"RLT_44",3,8,1,1,1
"RLT_44",3,9,1,1,1
"RLT_44",3,10,1,1,1
"RLT_44",4,1,1,2,1
"RLT_44",4,2,1,1,1
"RLT_44",4,3,2,1,2
"RLT_44",4,4,1,2,1
"RLT_44",4,5,1,1,1
"RLT_44",4,6,1,2,1
"RLT_44",4,7,1,2,1
"RLT_44",4,8,1,2,2
"RLT_44",4,9,1,1,1
"RLT_44",4,10,1,1,1
"RLT_44",4,1,2,1,2
"RLT_44",4,2,2,1,2
"RLT_44",4,3,2,1,2
"RLT_44",4,4,2,2,2
"RLT_44",4,5,2,1,2
"RLT_44",4,6,2,1,2
"RLT_44",4,7,2,1,2
"RLT_44",4,8,2,1,2
"RLT_44",4,9,2,1,2
"RLT_44",4,10,2,1,2
"RLT_44",5,1,2,2,1
"RLT_44",5,2,2,2,2
"RLT_44",5,3,2,2,1
"RLT_44",5,4,2,1,2
"RLT_44",5,5,2,1,2
"RLT_44",5,6,2,1,2
"RLT_44",5,7,2,1,1
"RLT_44",5,8,2,1,2
"RLT_44",5,9,2,1,2
"RLT_44",5,10,1,2,1
"RLT_44",5,1,2,1,2
"RLT_44",5,2,2,1,2
"RLT_44",5,3,2,1,2
"RLT_44",5,4,2,1,2
"RLT_44",5,5,2,1,2
"RLT_44",5,6,2,1,2
"RLT_44",5,7,2,2,2
"RLT_44",5,8,2,2,2
"RLT_44",5,9,2,1,2
"RLT_44",5,10,2,1,2
"RLT_44",6,1,2,1,2
"RLT_44",6,2,1,2,1
"RLT_44",6,3,1,1,1
"RLT_44",6,4,1,2,1
"RLT_44",6,5,1,1,1
"RLT_44",6,6,1,2,2
"RLT_44",6,7,1,2,1
"RLT_44",6,8,1,2,1
"RLT_44",6,9,1,1,1
"RLT_44",6,10,1,1,1
"RLT_44",6,1,2,1,2
"RLT_44",6,2,1,1,1
"RLT_44",6,3,1,1,1
"RLT_44",6,4,1,1,1
"RLT_44",6,5,1,1,1
"RLT_44",6,6,1,1,1
"RLT_44",6,7,1,1,1
"RLT_44",6,8,1,1,1
"RLT_44",6,9,1,1,1
"RLT_44",6,10,1,1,1
"RLT_45",1,1,1,2,1
"RLT_45",1,2,1,1,1
"RLT_45",1,3,1,2,1
"RLT_45",1,4,2,1,2
"RLT_45",1,5,1,2,1
"RLT_45",1,6,1,2,2
"RLT_45",1,7,2,1,2
"RLT_45",1,8,1,2,2
"RLT_45",1,9,1,2,1
"RLT_45",1,10,1,2,1
"RLT_45",1,1,2,1,2
"RLT_45",1,2,2,1,2
"RLT_45",1,3,1,2,2
"RLT_45",1,4,1,2,2
"RLT_45",1,5,2,1,2
"RLT_45",1,6,2,1,2
"RLT_45",1,7,1,2,2
"RLT_45",1,8,2,1,2
"RLT_45",1,9,2,1,2
"RLT_45",1,10,2,1,2
"RLT_45",2,1,2,1,2
"RLT_45",2,2,1,2,1
"RLT_45",2,3,2,1,2
"RLT_45",2,4,1,2,1
"RLT_45",2,5,1,2,1
"RLT_45",2,6,1,2,1
"RLT_45",2,7,1,2,1
"RLT_45",2,8,2,1,2
"RLT_45",2,9,2,1,1
"RLT_45",2,10,2,1,2
"RLT_45",2,1,2,1,2
"RLT_45",2,2,2,1,2
"RLT_45",2,3,1,1,2
"RLT_45",2,4,1,1,1
"RLT_45",2,5,1,1,1
"RLT_45",2,6,1,1,2
"RLT_45",2,7,1,1,2
"RLT_45",2,8,2,1,2
"RLT_45",2,9,1,1,1
"RLT_45",2,10,1,1,1
"RLT_45",3,1,2,1,2
"RLT_45",3,2,1,2,1
"RLT_45",3,3,1,1,1
"RLT_45",3,4,1,2,1
"RLT_45",3,5,1,2,1
"RLT_45",3,6,2,1,2
"RLT_45",3,7,2,1,2
"RLT_45",3,8,1,1,1
"RLT_45",3,9,1,2,2
"RLT_45",3,10,1,2,1
"RLT_45",3,1,2,1,2
"RLT_45",3,2,2,1,2
"RLT_45",3,3,1,2,2
"RLT_45",3,4,2,1,2
"RLT_45",3,5,1,1,2
"RLT_45",3,6,1,2,2
"RLT_45",3,7,2,1,2
"RLT_45",3,8,2,2,2
"RLT_45",3,9,2,1,2
"RLT_45",3,10,2,1,2
"RLT_45",4,1,2,2,2
"RLT_45",4,2,1,2,1
"RLT_45",4,3,2,1,2
"RLT_45",4,4,1,2,2
"RLT_45",4,5,1,1,2
"RLT_45",4,6,2,2,2
"RLT_45",4,7,2,1,2
"RLT_45",4,8,1,2,2
"RLT_45",4,9,1,2,1
"RLT_45",4,10,1,2,1
"RLT_45",4,1,2,1,2
"RLT_45",4,2,1,2,2
"RLT_45",4,3,1,1,2
"RLT_45",4,4,2,1,2
"RLT_45",4,5,2,1,2
"RLT_45",4,6,1,1,2
"RLT_45",4,7,2,1,2
"RLT_45",4,8,1,2,2
"RLT_45",4,9,1,1,2
"RLT_45",4,10,1,2,2
"RLT_45",5,1,1,2,2
"RLT_45",5,2,2,2,2
"RLT_45",5,3,2,1,2
"RLT_45",5,4,1,2,2
"RLT_45",5,5,1,2,1
"RLT_45",5,6,2,2,2
"RLT_45",5,7,1,1,1
"RLT_45",5,8,1,1,1
"RLT_45",5,9,1,2,1
"RLT_45",5,10,1,2,1
"RLT_45",5,1,1,1,2
"RLT_45",5,2,1,1,1
"RLT_45",5,3,1,1,1
"RLT_45",5,4,1,1,1
"RLT_45",5,5,1,1,2
"RLT_45",5,6,1,1,1
"RLT_45",5,7,1,1,2
"RLT_45",5,8,1,1,1
"RLT_45",5,9,1,1,1
"RLT_45",5,10,1,1,1
"RLT_45",6,1,1,1,2
"RLT_45",6,2,2,1,1
"RLT_45",6,3,2,1,2
"RLT_45",6,4,2,1,2
"RLT_45",6,5,2,2,2
"RLT_45",6,6,1,2,1
"RLT_45",6,7,1,2,1
"RLT_45",6,8,1,2,1
"RLT_45",6,9,1,2,1
"RLT_45",6,10,1,2,1
"RLT_45",6,1,1,1,1
"RLT_45",6,2,1,1,1
"RLT_45",6,3,1,1,1
"RLT_45",6,4,1,1,2
"RLT_45",6,5,1,1,1
"RLT_45",6,6,1,1,1
"RLT_45",6,7,1,1,1
"RLT_45",6,8,1,1,1
"RLT_45",6,9,1,1,1
"RLT_45",6,10,1,1,1
"RLT_46",1,1,1,1,1
"RLT_46",1,2,1,2,1
"RLT_46",1,3,1,2,1
"RLT_46",1,4,1,2,1
"RLT_46",1,5,1,2,1
"RLT_46",1,6,1,1,1
"RLT_46",1,7,1,2,1
"RLT_46",1,8,1,2,1
"RLT_46",1,9,1,2,1
"RLT_46",1,10,1,2,1
"RLT_46",1,1,2,1,2
"RLT_46",1,2,2,1,2
"RLT_46",1,3,2,2,2
"RLT_46",1,4,2,1,2
"RLT_46",1,5,2,2,2
"RLT_46",1,6,2,1,2
"RLT_46",1,7,2,2,2
"RLT_46",1,8,2,1,2
"RLT_46",1,9,2,1,2
"RLT_46",1,10,2,1,2
"RLT_46",2,1,1,2,1
"RLT_46",2,2,1,1,1
"RLT_46",2,3,1,2,1
"RLT_46",2,4,1,2,1
"RLT_46",2,5,1,2,1
"RLT_46",2,6,1,2,1
"RLT_46",2,7,1,2,1
"RLT_46",2,8,1,2,1
"RLT_46",2,9,1,2,1
"RLT_46",2,10,1,2,1
"RLT_46",2,1,2,1,2
"RLT_46",2,2,2,1,2
"RLT_46",2,3,2,2,2
"RLT_46",2,4,2,1,2
"RLT_46",2,5,1,2,2
"RLT_46",2,6,2,1,2
"RLT_46",2,7,2,1,2
"RLT_46",2,8,2,1,2
"RLT_46",2,9,2,1,2
"RLT_46",2,10,2,1,2
"RLT_46",3,1,1,2,1
"RLT_46",3,2,2,2,2
"RLT_46",3,3,1,2,1
"RLT_46",3,4,1,1,1
"RLT_46",3,5,1,2,1
"RLT_46",3,6,1,2,1
"RLT_46",3,7,1,2,1
"RLT_46",3,8,1,2,2
"RLT_46",3,9,1,2,1
"RLT_46",3,10,1,1,1
"RLT_46",3,1,1,1,1
"RLT_46",3,2,1,1,1
"RLT_46",3,3,1,1,1
"RLT_46",3,4,1,1,1
"RLT_46",3,5,1,1,2
"RLT_46",3,6,1,1,1
"RLT_46",3,7,1,1,1
"RLT_46",3,8,1,1,1
"RLT_46",3,9,1,1,1
"RLT_46",3,10,1,1,1
"RLT_46",4,1,2,1,2
"RLT_46",4,2,2,1,2
"RLT_46",4,3,2,1,2
"RLT_46",4,4,2,2,1
"RLT_46",4,5,2,1,2
"RLT_46",4,6,2,1,2
"RLT_46",4,7,2,1,2
"RLT_46",4,8,2,2,2
"RLT_46",4,9,2,1,1
"RLT_46",4,10,2,1,2
"RLT_46",4,1,1,1,1
"RLT_46",4,2,1,1,1
"RLT_46",4,3,1,1,1
"RLT_46",4,4,1,1,2
"RLT_46",4,5,1,1,1
"RLT_46",4,6,1,1,2
"RLT_46",4,7,1,1,1
"RLT_46",4,8,1,1,1
"RLT_46",4,9,1,1,1
"RLT_46",4,10,1,1,2
"RLT_46",5,1,1,1,2
"RLT_46",5,2,1,2,1
"RLT_46",5,3,1,2,1
"RLT_46",5,4,2,2,2
"RLT_46",5,5,1,2,1
"RLT_46",5,6,1,2,1
"RLT_46",5,7,1,1,1
"RLT_46",5,8,1,1,1
"RLT_46",5,9,1,2,1
"RLT_46",5,10,1,2,1
"RLT_46",5,1,2,1,2
"RLT_46",5,2,1,1,1
"RLT_46",5,3,1,1,2
"RLT_46",5,4,1,1,1
"RLT_46",5,5,1,1,2
"RLT_46",5,6,1,1,1
"RLT_46",5,7,1,1,1
"RLT_46",5,8,1,1,2
"RLT_46",5,9,1,1,1
"RLT_46",5,10,1,1,2
"RLT_46",6,1,2,2,2
"RLT_46",6,2,2,1,2
"RLT_46",6,3,2,1,2
"RLT_46",6,4,2,1,1
"RLT_46",6,5,2,1,2
"RLT_46",6,6,2,1,2
"RLT_46",6,7,2,2,2
"RLT_46",6,8,1,2,1
"RLT_46",6,9,1,1,1
"RLT_46",6,10,1,2,2
"RLT_46",6,1,2,1,2
"RLT_46",6,2,2,1,2
"RLT_46",6,3,2,1,2
"RLT_46",6,4,2,1,2
"RLT_46",6,5,2,1,2
"RLT_46",6,6,1,2,2
"RLT_46",6,7,2,1,2
"RLT_46",6,8,1,2,2
"RLT_46",6,9,2,1,2
"RLT_46",6,10,2,1,2
"RLT_47",1,1,2,2,1
"RLT_47",1,2,1,2,1
"RLT_47",1,3,1,2,2
"RLT_47",1,4,2,2,2
"RLT_47",1,5,2,2,2
"RLT_47",1,6,2,1,2
"RLT_47",1,7,1,1,1
"RLT_47",1,8,1,2,1
"RLT_47",1,9,1,2,1
"RLT_47",1,10,2,1,2
"RLT_47",1,1,1,1,1
"RLT_47",1,2,1,1,1
"RLT_47",1,3,1,1,2
"RLT_47",1,4,1,1,1
"RLT_47",1,5,1,1,1
"RLT_47",1,6,1,1,1
"RLT_47",1,7,1,1,1
"RLT_47",1,8,1,1,1
"RLT_47",1,9,1,1,2
"RLT_47",1,10,1,1,1
"RLT_47",2,1,1,2,1
"RLT_47",2,2,1,1,1
"RLT_47",2,3,1,2,2
"RLT_47",2,4,2,1,1
"RLT_47",2,5,2,1,2
"RLT_47",2,6,2,2,2
"RLT_47",2,7,1,2,2
"RLT_47",2,8,2,1,2
"RLT_47",2,9,2,1,2
"RLT_47",2,10,2,1,2
"RLT_47",2,1,2,1,2
"RLT_47",2,2,2,1,2
"RLT_47",2,3,1,2,2
"RLT_47",2,4,2,1,2
"RLT_47",2,5,2,1,2
"RLT_47",2,6,2,1,2
"RLT_47",2,7,2,1,2
"RLT_47",2,8,2,2,2
"RLT_47",2,9,2,1,2
"RLT_47",2,10,2,1,2
"RLT_47",3,1,2,1,2
"RLT_47",3,2,2,1,2
"RLT_47",3,3,2,1,2
"RLT_47",3,4,2,1,2
"RLT_47",3,5,1,2,1
"RLT_47",3,6,2,1,2
"RLT_47",3,7,2,2,2
"RLT_47",3,8,2,1,2
"RLT_47",3,9,2,1,2
"RLT_47",3,10,2,1,2
"RLT_47",3,1,2,1,2
"RLT_47",3,2,2,1,2
"RLT_47",3,3,2,1,2
"RLT_47",3,4,2,1,2
"RLT_47",3,5,2,1,2
"RLT_47",3,6,2,1,2
"RLT_47",3,7,2,1,2
"RLT_47",3,8,2,2,2
"RLT_47",3,9,2,1,2
"RLT_47",3,10,2,2,2
"RLT_47",4,1,2,1,2
"RLT_47",4,2,2,1,2
"RLT_47",4,3,2,2,2
"RLT_47",4,4,2,1,2
"RLT_47",4,5,2,1,2
"RLT_47",4,6,1,2,1
"RLT_47",4,7,2,2,2
"RLT_47",4,8,2,1,2
"RLT_47",4,9,2,2,2
"RLT_47",4,10,1,2,1
"RLT_47",4,1,2,1,2
"RLT_47",4,2,2,1,2
"RLT_47",4,3,2,1,2
"RLT_47",4,4,2,1,2
"RLT_47",4,5,2,1,2
"RLT_47",4,6,2,1,2
"RLT_47",4,7,2,1,2
"RLT_47",4,8,2,1,2
"RLT_47",4,9,2,2,2
"RLT_47",4,10,2,1,2
"RLT_47",5,1,2,2,2
"RLT_47",5,2,1,2,1
"RLT_47",5,3,2,1,2
"RLT_47",5,4,2,2,1
"RLT_47",5,5,1,2,1
"RLT_47",5,6,1,2,1
"RLT_47",5,7,2,2,2
"RLT_47",5,8,2,1,2
"RLT_47",5,9,2,2,2
"RLT_47",5,10,2,1,2
"RLT_47",5,1,1,1,2
"RLT_47",5,2,1,1,2
"RLT_47",5,3,2,1,2
"RLT_47",5,4,1,1,1
"RLT_47",5,5,1,1,1
"RLT_47",5,6,1,1,2
"RLT_47",5,7,2,1,2
"RLT_47",5,8,1,1,1
"RLT_47",5,9,1,1,1
"RLT_47",5,10,1,1,1
"RLT_47",6,1,1,2,1
"RLT_47",6,2,2,1,2
"RLT_47",6,3,2,1,2
"RLT_47",6,4,2,1,2
"RLT_47",6,5,2,1,2
"RLT_47",6,6,2,1,2
"RLT_47",6,7,2,1,2
"RLT_47",6,8,2,2,2
"RLT_47",6,9,2,2,2
"RLT_47",6,10,2,2,2
"RLT_47",6,1,1,1,1
"RLT_47",6,2,1,1,1
"RLT_47",6,3,2,1,1
"RLT_47",6,4,1,1,1
"RLT_47",6,5,1,1,2
"RLT_47",6,6,1,1,1
"RLT_47",6,7,1,1,1
"RLT_47",6,8,1,1,1
"RLT_47",6,9,1,1,2
"RLT_47",6,10,1,1,2
"RLT_48",1,1,2,1,2
"RLT_48",1,2,2,1,2
"RLT_48",1,3,2,1,2
"RLT_48",1,4,2,1,1
"RLT_48",1,5,2,1,2
"RLT_48",1,6,2,2,2
"RLT_48",1,7,2,1,2
"RLT_48",1,8,2,1,2
"RLT_48",1,9,2,1,2
"RLT_48",1,10,2,2,2
"RLT_48",1,1,2,1,2
"RLT_48",1,2,2,1,2
"RLT_48",1,3,2,1,2
"RLT_48",1,4,2,2,2
"RLT_48",1,5,2,1,2
"RLT_48",1,6,2,1,2
"RLT_48",1,7,2,1,2
"RLT_48",1,8,2,1,2
"RLT_48",1,9,2,1,2
"RLT_48",1,10,2,2,2
"RLT_48",2,1,2,1,2
"RLT_48",2,2,2,1,2
"RLT_48",2,3,2,1,2
"RLT_48",2,4,2,1,2
"RLT_48",2,5,2,2,1
"RLT_48",2,6,2,1,2
"RLT_48",2,7,2,1,1
"RLT_48",2,8,2,1,2
"RLT_48",2,9,2,2,2
"RLT_48",2,10,2,1,2
"RLT_48",2,1,2,1,2
"RLT_48",2,2,2,1,2
"RLT_48",2,3,2,1,2
"RLT_48",2,4,2,1,2
"RLT_48",2,5,2,1,2
"RLT_48",2,6,2,1,2
"RLT_48",2,7,2,1,2
"RLT_48",2,8,2,2,2
"RLT_48",2,9,2,2,2
"RLT_48",2,10,2,2,2
"RLT_48",3,1,2,1,2
"RLT_48",3,2,2,1,2
"RLT_48",3,3,2,1,2
"RLT_48",3,4,2,1,2
"RLT_48",3,5,2,1,2
"RLT_48",3,6,2,1,2
"RLT_48",3,7,2,2,2
"RLT_48",3,8,2,1,2
"RLT_48",3,9,2,1,2
"RLT_48",3,10,2,2,2
"RLT_48",3,1,1,1,1
"RLT_48",3,2,1,1,1
"RLT_48",3,3,1,1,2
"RLT_48",3,4,1,1,1
"RLT_48",3,5,1,1,1
"RLT_48",3,6,1,1,2
"RLT_48",3,7,1,1,1
"RLT_48",3,8,1,1,1
"RLT_48",3,9,1,1,1
"RLT_48",3,10,1,1,1
"RLT_48",4,1,1,2,1
"RLT_48",4,2,2,1,2
"RLT_48",4,3,2,1,2
"RLT_48",4,4,2,1,1
"RLT_48",4,5,2,2,2
"RLT_48",4,6,2,2,2
"RLT_48",4,7,2,1,2
"RLT_48",4,8,2,1,1
"RLT_48",4,9,2,1,2
"RLT_48",4,10,2,2,1
"RLT_48",4,1,1,1,1
"RLT_48",4,2,1,1,1
"RLT_48",4,3,1,1,1
"RLT_48",4,4,1,1,1
"RLT_48",4,5,1,1,1
"RLT_48",4,6,1,1,1
"RLT_48",4,7,1,1,1
"RLT_48",4,8,1,1,1
"RLT_48",4,9,1,1,1
"RLT_48",4,10,1,1,1
"RLT_48",5,1,2,1,2
"RLT_48",5,2,2,2,2
"RLT_48",5,3,2,1,2
"RLT_48",5,4,2,2,2
"RLT_48",5,5,2,1,1
"RLT_48",5,6,2,2,2
"RLT_48",5,7,2,1,2
"RLT_48",5,8,2,2,2
"RLT_48",5,9,2,1,2
"RLT_48",5,10,2,1,2
"RLT_48",5,1,2,1,2
"RLT_48",5,2,2,1,2
"RLT_48",5,3,2,1,2
"RLT_48",5,4,2,2,2
"RLT_48",5,5,2,1,2
"RLT_48",5,6,2,1,2
"RLT_48",5,7,2,1,2
"RLT_48",5,8,2,1,2
"RLT_48",5,9,2,1,2
"RLT_48",5,10,2,1,2
"RLT_48",6,1,1,2,1
"RLT_48",6,2,2,1,2
"RLT_48",6,3,2,1,1
"RLT_48",6,4,2,1,2
"RLT_48",6,5,2,1,1
"RLT_48",6,6,2,1,2
"RLT_48",6,7,2,1,2
"RLT_48",6,8,2,2,2
"RLT_48",6,9,2,1,2
"RLT_48",6,10,2,2,2
"RLT_48",6,1,1,1,1
"RLT_48",6,2,1,1,1
"RLT_48",6,3,1,1,1
"RLT_48",6,4,1,1,1
"RLT_48",6,5,1,1,1
"RLT_48",6,6,1,1,1
"RLT_48",6,7,1,1,1
"RLT_48",6,8,1,1,1
"RLT_48",6,9,1,1,1
"RLT_48",6,10,1,1,1
"RLT_49",1,1,2,1,2
"RLT_49",1,2,2,1,2
"RLT_49",1,3,2,1,1
"RLT_49",1,4,2,1,2
"RLT_49",1,5,2,1,2
"RLT_49",1,6,2,1,2
"RLT_49",1,7,2,2,2
"RLT_49",1,8,2,1,2
"RLT_49",1,9,2,1,2
"RLT_49",1,10,2,1,1
"RLT_49",1,1,2,1,2
"RLT_49",1,2,2,1,2
"RLT_49",1,3,2,1,2
"RLT_49",1,4,2,1,2
"RLT_49",1,5,2,1,2
"RLT_49",1,6,2,1,1
"RLT_49",1,7,2,1,2
"RLT_49",1,8,2,1,2
"RLT_49",1,9,2,1,2
"RLT_49",1,10,2,1,2
"RLT_49",2,1,2,1,2
"RLT_49",2,2,2,1,2
"RLT_49",2,3,2,1,2
"RLT_49",2,4,2,1,2
"RLT_49",2,5,2,1,1
"RLT_49",2,6,2,2,2
"RLT_49",2,7,2,2,1
"RLT_49",2,8,2,1,2
"RLT_49",2,9,2,2,2
"RLT_49",2,10,2,2,2
"RLT_49",2,1,2,1,2
"RLT_49",2,2,2,1,2
"RLT_49",2,3,2,1,2
"RLT_49",2,4,2,1,2
"RLT_49",2,5,2,1,2
"RLT_49",2,6,2,1,2
"RLT_49",2,7,2,1,2
"RLT_49",2,8,2,1,2
"RLT_49",2,9,2,1,2
"RLT_49",2,10,2,1,2
"RLT_49",3,1,2,1,2
"RLT_49",3,2,2,1,1
"RLT_49",3,3,2,2,1
"RLT_49",3,4,2,1,1
"RLT_49",3,5,2,2,2
"RLT_49",3,6,2,1,2
"RLT_49",3,7,2,1,1
"RLT_49",3,8,2,1,2
"RLT_49",3,9,2,1,2
"RLT_49",3,10,2,1,2
"RLT_49",3,1,2,1,2
"RLT_49",3,2,2,1,2
"RLT_49",3,3,2,1,2
"RLT_49",3,4,2,1,2
"RLT_49",3,5,2,1,2
"RLT_49",3,6,2,1,2
"RLT_49",3,7,2,1,2
"RLT_49",3,8,2,1,2
"RLT_49",3,9,2,1,2
"RLT_49",3,10,2,1,2
"RLT_49",4,1,2,1,2
"RLT_49",4,2,2,2,1
"RLT_49",4,3,2,1,2
"RLT_49",4,4,2,1,2
"RLT_49",4,5,2,2,2
"RLT_49",4,6,2,1,2
"RLT_49",4,7,2,1,2
"RLT_49",4,8,2,2,2
"RLT_49",4,9,2,1,2
"RLT_49",4,10,2,2,2
"RLT_49",4,1,2,1,2
"RLT_49",4,2,2,1,1
"RLT_49",4,3,2,1,1
"RLT_49",4,4,2,1,2
"RLT_49",4,5,2,1,2
"RLT_49",4,6,2,1,2
"RLT_49",4,7,2,1,2
"RLT_49",4,8,2,1,2
"RLT_49",4,9,2,1,2
"RLT_49",4,10,2,1,2
"RLT_49",5,1,2,1,2
"RLT_49",5,2,2,1,2
"RLT_49",5,3,2,1,2
"RLT_49",5,4,2,1,2
"RLT_49",5,5,2,1,2
"RLT_49",5,6,2,1,2
"RLT_49",5,7,2,1,2
"RLT_49",5,8,2,1,2
"RLT_49",5,9,2,2,2
"RLT_49",5,10,2,1,2
"RLT_49",5,1,2,1,2
"RLT_49",5,2,2,1,1
"RLT_49",5,3,2,1,2
"RLT_49",5,4,2,1,2
"RLT_49",5,5,2,1,2
"RLT_49",5,6,2,1,2
"RLT_49",5,7,2,1,2
"RLT_49",5,8,2,1,2
"RLT_49",5,9,2,1,2
"RLT_49",5,10,2,1,2
"RLT_49",6,1,2,2,2
"RLT_49",6,2,2,2,2
"RLT_49",6,3,2,1,2
"RLT_49",6,4,2,2,2
"RLT_49",6,5,1,1,1
"RLT_49",6,6,1,2,1
"RLT_49",6,7,1,2,1
"RLT_49",6,8,2,1,2
"RLT_49",6,9,2,2,2
"RLT_49",6,10,2,1,2
"RLT_49",6,1,2,1,2
"RLT_49",6,2,2,1,2
"RLT_49",6,3,2,2,2
"RLT_49",6,4,2,1,2
"RLT_49",6,5,2,1,2
"RLT_49",6,6,2,1,2
"RLT_49",6,7,2,1,2
"RLT_49",6,8,2,1,2
"RLT_49",6,9,2,2,2
"RLT_49",6,10,2,1,2
"RLT_51",1,1,1,2,1
"RLT_51",1,2,1,2,1
"RLT_51",1,3,2,1,1
"RLT_51",1,4,2,2,2
"RLT_51",1,5,2,1,2
"RLT_51",1,6,2,1,2
"RLT_51",1,7,2,1,2
"RLT_51",1,8,2,1,1
"RLT_51",1,9,2,1,2
"RLT_51",1,10,2,1,2
"RLT_51",1,1,1,1,1
"RLT_51",1,2,1,1,1
"RLT_51",1,3,1,1,1
"RLT_51",1,4,1,1,1
"RLT_51",1,5,1,1,1
"RLT_51",1,6,1,1,1
"RLT_51",1,7,1,1,2
"RLT_51",1,8,1,1,1
"RLT_51",1,9,1,1,1
"RLT_51",1,10,1,1,1
"RLT_51",2,1,2,2,2
"RLT_51",2,2,2,1,2
"RLT_51",2,3,2,1,2
"RLT_51",2,4,2,1,2
"RLT_51",2,5,2,1,2
"RLT_51",2,6,2,1,2
"RLT_51",2,7,2,1,2
"RLT_51",2,8,2,1,2
"RLT_51",2,9,2,1,2
"RLT_51",2,10,2,2,2
"RLT_51",2,1,2,2,2
"RLT_51",2,2,2,1,2
"RLT_51",2,3,2,1,2
"RLT_51",2,4,2,2,2
"RLT_51",2,5,2,1,2
"RLT_51",2,6,2,2,2
"RLT_51",2,7,2,1,2
"RLT_51",2,8,2,1,2
"RLT_51",2,9,2,1,2
"RLT_51",2,10,2,1,2
"RLT_51",3,1,2,1,2
"RLT_51",3,2,2,1,2
"RLT_51",3,3,2,1,2
"RLT_51",3,4,2,1,2
"RLT_51",3,5,2,1,1
"RLT_51",3,6,2,1,1
"RLT_51",3,7,2,1,2
"RLT_51",3,8,2,1,1
"RLT_51",3,9,2,1,2
"RLT_51",3,10,2,2,2
"RLT_51",3,1,1,1,1
"RLT_51",3,2,1,1,1
"RLT_51",3,3,1,1,1
"RLT_51",3,4,1,1,1
"RLT_51",3,5,1,1,1
"RLT_51",3,6,1,1,2
"RLT_51",3,7,1,1,1
"RLT_51",3,8,1,1,1
"RLT_51",3,9,1,1,1
"RLT_51",3,10,1,1,1
"RLT_51",4,1,1,2,1
"RLT_51",4,2,2,1,2
"RLT_51",4,3,1,2,2
"RLT_51",4,4,2,1,2
"RLT_51",4,5,2,1,2
"RLT_51",4,6,2,1,1
"RLT_51",4,7,2,1,2
"RLT_51",4,8,2,1,2
"RLT_51",4,9,2,1,2
"RLT_51",4,10,2,2,2
"RLT_51",4,1,2,1,2
"RLT_51",4,2,2,1,2
"RLT_51",4,3,2,1,2
"RLT_51",4,4,2,1,2
"RLT_51",4,5,2,1,2
"RLT_51",4,6,2,1,2
"RLT_51",4,7,2,2,2
"RLT_51",4,8,2,1,2
"RLT_51",4,9,2,1,2
"RLT_51",4,10,2,1,2
"RLT_51",5,1,2,2,2
"RLT_51",5,2,1,1,2
"RLT_51",5,3,1,1,1
"RLT_51",5,4,2,1,1
"RLT_51",5,5,1,2,1
"RLT_51",5,6,2,1,2
"RLT_51",5,7,2,1,2
"RLT_51",5,8,2,1,2
"RLT_51",5,9,2,2,2
"RLT_51",5,10,2,1,1
"RLT_51",5,1,2,1,2
"RLT_51",5,2,2,1,2
"RLT_51",5,3,1,1,2
"RLT_51",5,4,1,1,1
"RLT_51",5,5,2,1,1
"RLT_51",5,6,1,1,1
"RLT_51",5,7,1,1,2
"RLT_51",5,8,1,1,1
"RLT_51",5,9,1,1,2
"RLT_51",5,10,1,1,1
"RLT_51",6,1,1,2,1
"RLT_51",6,2,1,2,2
"RLT_51",6,3,1,2,1
"RLT_51",6,4,2,1,1
"RLT_51",6,5,1,2,1
"RLT_51",6,6,1,2,1
"RLT_51",6,7,1,2,1
"RLT_51",6,8,2,1,2
"RLT_51",6,9,2,1,2
"RLT_51",6,10,2,1,2
"RLT_51",6,1,2,1,2
"RLT_51",6,2,2,2,2
"RLT_51",6,3,2,1,2
"RLT_51",6,4,2,1,2
"RLT_51",6,5,2,2,2
"RLT_51",6,6,2,1,2
"RLT_51",6,7,2,1,2
"RLT_51",6,8,2,1,2
"RLT_51",6,9,2,1,2
"RLT_51",6,10,2,1,2
"RLT_52",1,1,2,1,2
"RLT_52",1,2,2,1,2
"RLT_52",1,3,2,1,2
"RLT_52",1,4,2,1,2
"RLT_52",1,5,2,1,2
"RLT_52",1,6,2,1,2
"RLT_52",1,7,2,1,2
"RLT_52",1,8,2,1,2
"RLT_52",1,9,2,1,2
"RLT_52",1,10,2,1,2
"RLT_52",1,1,1,1,1
"RLT_52",1,2,1,1,1
"RLT_52",1,3,1,1,1
"RLT_52",1,4,1,1,1
"RLT_52",1,5,1,1,1
"RLT_52",1,6,1,1,1
"RLT_52",1,7,1,1,1
"RLT_52",1,8,1,1,1
"RLT_52",1,9,1,1,1
"RLT_52",1,10,1,1,1
"RLT_52",2,1,1,2,1
"RLT_52",2,2,2,1,2
"RLT_52",2,3,2,1,2
"RLT_52",2,4,2,2,2
"RLT_52",2,5,2,1,2
"RLT_52",2,6,2,1,2
"RLT_52",2,7,2,1,2
"RLT_52",2,8,2,2,2
"RLT_52",2,9,2,1,2
"RLT_52",2,10,1,2,1
"RLT_52",2,1,2,1,2
"RLT_52",2,2,1,1,1
"RLT_52",2,3,1,1,1
"RLT_52",2,4,1,1,1
"RLT_52",2,5,1,1,1
"RLT_52",2,6,1,1,1
"RLT_52",2,7,1,1,2
"RLT_52",2,8,1,1,1
"RLT_52",2,9,1,1,1
"RLT_52",2,10,1,1,1
"RLT_52",3,1,2,1,2
"RLT_52",3,2,1,1,1
"RLT_52",3,3,2,1,1
"RLT_52",3,4,1,2,1
"RLT_52",3,5,2,1,2
"RLT_52",3,6,2,1,2
"RLT_52",3,7,2,1,2
"RLT_52",3,8,2,2,2
"RLT_52",3,9,1,1,1
"RLT_52",3,10,1,2,1
"RLT_52",3,1,2,2,2
"RLT_52",3,2,2,1,2
"RLT_52",3,3,2,1,2
"RLT_52",3,4,2,1,2
"RLT_52",3,5,2,1,2
"RLT_52",3,6,2,1,2
"RLT_52",3,7,2,1,2
"RLT_52",3,8,2,2,2
"RLT_52",3,9,2,1,2
"RLT_52",3,10,1,2,2
"RLT_52",4,1,2,1,2
"RLT_52",4,2,1,2,1
"RLT_52",4,3,2,1,2
"RLT_52",4,4,2,1,2
"RLT_52",4,5,2,1,2
"RLT_52",4,6,2,2,2
"RLT_52",4,7,2,1,2
"RLT_52",4,8,2,1,2
"RLT_52",4,9,2,2,2
"RLT_52",4,10,2,1,2
"RLT_52",4,1,2,1,2
"RLT_52",4,2,2,1,2
"RLT_52",4,3,2,1,2
"RLT_52",4,4,2,1,2
"RLT_52",4,5,2,2,2
"RLT_52",4,6,2,1,2
"RLT_52",4,7,2,1,2
"RLT_52",4,8,2,2,2
"RLT_52",4,9,2,1,2
"RLT_52",4,10,2,1,2
"RLT_52",5,1,2,1,2
"RLT_52",5,2,2,1,2
"RLT_52",5,3,2,2,2
"RLT_52",5,4,2,1,2
"RLT_52",5,5,2,1,2
"RLT_52",5,6,1,2,2
"RLT_52",5,7,2,1,2
"RLT_52",5,8,2,2,2
"RLT_52",5,9,2,1,1
"RLT_52",5,10,2,2,2
"RLT_52",5,1,1,1,1
"RLT_52",5,2,1,1,2
"RLT_52",5,3,1,1,1
"RLT_52",5,4,1,1,2
"RLT_52",5,5,1,1,1
"RLT_52",5,6,1,1,2
"RLT_52",5,7,2,1,2
"RLT_52",5,8,1,1,1
"RLT_52",5,9,1,1,1
"RLT_52",5,10,1,1,2
"RLT_52",6,1,1,2,2
"RLT_52",6,2,1,2,1
"RLT_52",6,3,2,1,2
"RLT_52",6,4,2,1,2
"RLT_52",6,5,2,1,2
"RLT_52",6,6,2,1,2
"RLT_52",6,7,2,1,2
"RLT_52",6,8,2,1,2
"RLT_52",6,9,1,2,1
"RLT_52",6,10,2,1,2
"RLT_52",6,1,2,2,2
"RLT_52",6,2,2,1,2
"RLT_52",6,3,2,2,2
"RLT_52",6,4,2,1,2
"RLT_52",6,5,2,1,2
"RLT_52",6,6,2,1,2
"RLT_52",6,7,2,1,2
"RLT_52",6,8,2,1,2
"RLT_52",6,9,2,1,2
"RLT_52",6,10,2,2,2
"RLT_53",1,1,2,2,2
"RLT_53",1,2,2,1,2
"RLT_53",1,3,2,1,2
"RLT_53",1,4,2,1,2
"RLT_53",1,5,2,1,2
"RLT_53",1,6,1,2,1
"RLT_53",1,7,1,1,2
"RLT_53",1,8,1,1,2
"RLT_53",1,9,1,2,2
"RLT_53",1,10,1,2,2
"RLT_53",1,1,2,1,2
"RLT_53",1,2,2,1,2
"RLT_53",1,3,2,1,2
"RLT_53",1,4,2,2,2
"RLT_53",1,5,2,1,2
"RLT_53",1,6,2,1,2
"RLT_53",1,7,2,1,2
"RLT_53",1,8,2,1,2
"RLT_53",1,9,2,1,2
"RLT_53",1,10,2,1,2
"RLT_53",2,1,1,2,1
"RLT_53",2,2,1,2,1
"RLT_53",2,3,2,1,2
"RLT_53",2,4,1,2,1
"RLT_53",2,5,1,2,1
"RLT_53",2,6,2,2,2
"RLT_53",2,7,2,2,2
"RLT_53",2,8,2,1,2
"RLT_53",2,9,2,1,1
"RLT_53",2,10,2,1,2
"RLT_53",2,1,1,1,1
"RLT_53",2,2,1,1,1
"RLT_53",2,3,1,1,2
"RLT_53",2,4,1,1,2
"RLT_53",2,5,1,1,1
"RLT_53",2,6,1,1,1
"RLT_53",2,7,1,1,1
"RLT_53",2,8,1,1,1
"RLT_53",2,9,1,1,1
"RLT_53",2,10,1,1,1
"RLT_53",3,1,2,1,1
"RLT_53",3,2,2,1,1
"RLT_53",3,3,2,1,2
"RLT_53",3,4,2,2,2
"RLT_53",3,5,2,1,2
"RLT_53",3,6,2,1,2
"RLT_53",3,7,2,2,2
"RLT_53",3,8,2,1,2
"RLT_53",3,9,1,2,2
"RLT_53",3,10,2,1,1
"RLT_53",3,1,2,1,2
"RLT_53",3,2,1,1,1
"RLT_53",3,3,1,1,1
"RLT_53",3,4,1,1,2
"RLT_53",3,5,1,1,2
"RLT_53",3,6,1,1,1
"RLT_53",3,7,1,1,1
"RLT_53",3,8,1,1,1
"RLT_53",3,9,1,1,1
"RLT_53",3,10,1,1,1
"RLT_53",4,1,1,2,2
"RLT_53",4,2,2,1,2
"RLT_53",4,3,1,2,1
"RLT_53",4,4,2,1,2
"RLT_53",4,5,2,1,1
"RLT_53",4,6,2,1,2
"RLT_53",4,7,2,2,1
"RLT_53",4,8,2,2,2
"RLT_53",4,9,1,2,1
"RLT_53",4,10,2,2,1
"RLT_53",4,1,2,2,2
"RLT_53",4,2,1,2,2
"RLT_53",4,3,2,1,2
"RLT_53",4,4,2,1,2
"RLT_53",4,5,2,1,2
"RLT_53",4,6,2,2,2
"RLT_53",4,7,2,2,2
"RLT_53",4,8,2,1,2
"RLT_53",4,9,2,1,2
"RLT_53",4,10,1,1,2
"RLT_53",5,1,2,2,2
"RLT_53",5,2,2,1,2
"RLT_53",5,3,2,1,2
"RLT_53",5,4,2,2,2
"RLT_53",5,5,2,1,2
"RLT_53",5,6,1,2,1
"RLT_53",5,7,1,2,1
"RLT_53",5,8,2,1,1
"RLT_53",5,9,2,1,1
"RLT_53",5,10,2,1,2
"RLT_53",5,1,1,1,1
"RLT_53",5,2,1,1,1
"RLT_53",5,3,1,1,1
"RLT_53",5,4,1,1,1
"RLT_53",5,5,1,1,2
"RLT_53",5,6,1,1,1
"RLT_53",5,7,1,1,1
"RLT_53",5,8,1,1,2
"RLT_53",5,9,1,1,1
"RLT_53",5,10,1,1,1
"RLT_53",6,1,1,2,1
"RLT_53",6,2,1,2,1
"RLT_53",6,3,2,1,2
"RLT_53",6,4,2,1,2
"RLT_53",6,5,1,2,2
"RLT_53",6,6,1,2,1
"RLT_53",6,7,2,2,1
"RLT_53",6,8,2,2,2
"RLT_53",6,9,2,1,2
"RLT_53",6,10,2,1,2
"RLT_53",6,1,2,1,2
"RLT_53",6,2,2,1,2
"RLT_53",6,3,2,1,2
"RLT_53",6,4,2,1,2
"RLT_53",6,5,2,1,2
"RLT_53",6,6,2,1,2
"RLT_53",6,7,2,1,2
"RLT_53",6,8,2,2,2
"RLT_53",6,9,2,1,2
"RLT_53",6,10,2,1,2
"RLT_56",1,1,2,1,2
"RLT_56",1,2,2,1,1
"RLT_56",1,3,2,1,2
"RLT_56",1,4,2,1,2
"RLT_56",1,5,2,2,2
"RLT_56",1,6,1,2,1
"RLT_56",1,7,2,1,2
"RLT_56",1,8,2,2,2
"RLT_56",1,9,2,1,2
"RLT_56",1,10,2,1,2
"RLT_56",1,1,2,1,2
"RLT_56",1,2,2,1,2
"RLT_56",1,3,2,1,2
"RLT_56",1,4,2,1,2
"RLT_56",1,5,2,1,2
"RLT_56",1,6,2,1,2
"RLT_56",1,7,2,2,2
"RLT_56",1,8,2,1,2
"RLT_56",1,9,2,1,2
"RLT_56",1,10,2,1,2
"RLT_56",2,1,2,1,2
"RLT_56",2,2,2,1,2
"RLT_56",2,3,2,1,2
"RLT_56",2,4,1,1,1
"RLT_56",2,5,2,1,2
"RLT_56",2,6,2,1,2
"RLT_56",2,7,2,1,1
"RLT_56",2,8,2,1,2
"RLT_56",2,9,2,2,2
"RLT_56",2,10,2,1,2
"RLT_56",2,1,2,1,2
"RLT_56",2,2,2,1,2
"RLT_56",2,3,2,1,2
"RLT_56",2,4,1,2,2
"RLT_56",2,5,2,1,2
"RLT_56",2,6,2,1,2
"RLT_56",2,7,2,1,2
"RLT_56",2,8,2,1,2
"RLT_56",2,9,2,1,2
"RLT_56",2,10,2,1,2
"RLT_56",3,1,2,1,2
"RLT_56",3,2,2,1,2
"RLT_56",3,3,2,2,2
"RLT_56",3,4,2,1,2
"RLT_56",3,5,2,1,2
"RLT_56",3,6,2,1,2
"RLT_56",3,7,2,2,2
"RLT_56",3,8,2,1,2
"RLT_56",3,9,2,1,1
"RLT_56",3,10,2,1,2
"RLT_56",3,1,2,1,2
"RLT_56",3,2,2,2,2
"RLT_56",3,3,2,1,2
"RLT_56",3,4,2,1,2
"RLT_56",3,5,2,1,2
"RLT_56",3,6,2,2,2
"RLT_56",3,7,2,2,2
"RLT_56",3,8,2,1,2
"RLT_56",3,9,2,1,2
"RLT_56",3,10,2,1,2
"RLT_56",4,1,2,1,2
"RLT_56",4,2,2,1,2
"RLT_56",4,3,2,1,1
"RLT_56",4,4,1,2,1
"RLT_56",4,5,2,1,2
"RLT_56",4,6,2,1,2
"RLT_56",4,7,2,1,2
"RLT_56",4,8,2,2,1
"RLT_56",4,9,2,2,2
"RLT_56",4,10,2,1,1
"RLT_56",4,1,1,1,1
"RLT_56",4,2,2,1,2
"RLT_56",4,3,1,1,1
"RLT_56",4,4,1,1,1
"RLT_56",4,5,2,1,1
"RLT_56",4,6,1,1,1
"RLT_56",4,7,1,1,1
"RLT_56",4,8,1,1,1
"RLT_56",4,9,1,1,1
"RLT_56",4,10,1,1,1
"RLT_56",5,1,2,2,1
"RLT_56",5,2,2,1,2
"RLT_56",5,3,2,1,2
"RLT_56",5,4,2,1,1
"RLT_56",5,5,2,2,2
"RLT_56",5,6,2,2,2
"RLT_56",5,7,2,1,2
"RLT_56",5,8,2,1,2
"RLT_56",5,9,2,1,2
"RLT_56",5,10,2,2,2
"RLT_56",5,1,1,1,1
"RLT_56",5,2,1,1,1
"RLT_56",5,3,1,1,1
"RLT_56",5,4,2,1,2
"RLT_56",5,5,1,1,1
"RLT_56",5,6,1,1,1
"RLT_56",5,7,1,1,1
"RLT_56",5,8,1,1,1
"RLT_56",5,9,1,1,1
"RLT_56",5,10,1,1,1
"RLT_56",6,1,2,1,2
"RLT_56",6,2,2,2,2
"RLT_56",6,3,2,1,2
"RLT_56",6,4,2,1,1
"RLT_56",6,5,2,1,2
"RLT_56",6,6,2,1,1
"RLT_56",6,7,2,1,2
"RLT_56",6,8,2,1,1
"RLT_56",6,9,2,1,2
"RLT_56",6,10,2,1,2
"RLT_56",6,1,2,1,2
"RLT_56",6,2,1,1,1
"RLT_56",6,3,1,1,1
"RLT_56",6,4,1,1,1
"RLT_56",6,5,1,1,1
"RLT_56",6,6,1,1,1
"RLT_56",6,7,1,1,1
"RLT_56",6,8,1,1,2
"RLT_56",6,9,1,1,1
"RLT_56",6,10,1,1,1
"RLT_57",1,1,1,2,1
"RLT_57",1,2,2,2,2
"RLT_57",1,3,1,2,1
"RLT_57",1,4,2,2,2
"RLT_57",1,5,2,1,2
"RLT_57",1,6,1,2,2
"RLT_57",1,7,1,1,2
"RLT_57",1,8,2,1,2
"RLT_57",1,9,1,2,1
"RLT_57",1,10,2,1,1
"RLT_57",1,1,1,1,1
"RLT_57",1,2,1,1,1
"RLT_57",1,3,1,1,2
"RLT_57",1,4,1,1,1
"RLT_57",1,5,1,1,1
"RLT_57",1,6,1,1,2
"RLT_57",1,7,1,1,1
"RLT_57",1,8,1,1,2
"RLT_57",1,9,1,1,1
"RLT_57",1,10,2,1,2
"RLT_57",2,1,2,2,2
"RLT_57",2,2,1,2,1
"RLT_57",2,3,2,1,2
"RLT_57",2,4,1,2,2
"RLT_57",2,5,1,2,1
"RLT_57",2,6,2,1,2
"RLT_57",2,7,2,2,2
"RLT_57",2,8,1,2,1
"RLT_57",2,9,1,2,1
"RLT_57",2,10,2,1,2
"RLT_57",2,1,1,1,1
"RLT_57",2,2,1,1,1
"RLT_57",2,3,1,1,1
"RLT_57",2,4,1,1,2
"RLT_57",2,5,1,1,2
"RLT_57",2,6,1,1,1
"RLT_57",2,7,1,1,2
"RLT_57",2,8,2,1,2
"RLT_57",2,9,1,1,1
"RLT_57",2,10,1,1,1
"RLT_57",3,1,1,1,2
"RLT_57",3,2,2,1,2
"RLT_57",3,3,2,1,2
"RLT_57",3,4,1,2,2
"RLT_57",3,5,1,2,1
"RLT_57",3,6,2,2,2
"RLT_57",3,7,1,2,1
"RLT_57",3,8,1,2,1
"RLT_57",3,9,2,2,2
"RLT_57",3,10,1,2,1
"RLT_57",3,1,1,1,1
"RLT_57",3,2,1,1,1
"RLT_57",3,3,1,1,1
"RLT_57",3,4,1,1,1
"RLT_57",3,5,1,1,1
"RLT_57",3,6,1,1,2
"RLT_57",3,7,1,1,2
"RLT_57",3,8,2,1,2
"RLT_57",3,9,1,1,1
"RLT_57",3,10,1,1,1
"RLT_57",4,1,1,2,1
"RLT_57",4,2,1,2,1
"RLT_57",4,3,2,2,2
"RLT_57",4,4,2,1,2
"RLT_57",4,5,1,2,1
"RLT_57",4,6,2,1,2
"RLT_57",4,7,1,2,1
"RLT_57",4,8,2,1,2
"RLT_57",4,9,1,2,1
"RLT_57",4,10,2,2,1
"RLT_57",4,1,2,1,2
"RLT_57",4,2,2,1,2
"RLT_57",4,3,2,2,2
"RLT_57",4,4,2,2,2
"RLT_57",4,5,1,2,2
"RLT_57",4,6,2,2,2
"RLT_57",4,7,2,1,2
"RLT_57",4,8,2,1,2
"RLT_57",4,9,2,1,2
"RLT_57",4,10,2,2,2
"RLT_57",5,1,1,2,2
"RLT_57",5,2,2,1,1
"RLT_57",5,3,2,1,2
"RLT_57",5,4,1,2,1
"RLT_57",5,5,2,1,1
"RLT_57",5,6,1,2,2
"RLT_57",5,7,2,1,2
"RLT_57",5,8,1,2,1
"RLT_57",5,9,2,1,2
"RLT_57",5,10,1,2,1
"RLT_57",5,1,1,2,2
"RLT_57",5,2,2,1,2
"RLT_57",5,3,2,1,2
"RLT_57",5,4,2,1,2
"RLT_57",5,5,2,1,2
"RLT_57",5,6,2,2,2
"RLT_57",5,7,2,2,2
"RLT_57",5,8,1,2,2
"RLT_57",5,9,2,1,2
"RLT_57",5,10,2,1,2
"RLT_57",6,1,2,1,2
"RLT_57",6,2,1,2,2
"RLT_57",6,3,1,2,1
"RLT_57",6,4,2,2,2
"RLT_57",6,5,2,1,2
"RLT_57",6,6,2,1,2
"RLT_57",6,7,1,2,1
"RLT_57",6,8,1,2,1
"RLT_57",6,9,2,1,2
"RLT_57",6,10,2,1,2
"RLT_57",6,1,2,1,2
"RLT_57",6,2,2,2,2
"RLT_57",6,3,2,1,2
"RLT_57",6,4,2,1,2
"RLT_57",6,5,2,1,2
"RLT_57",6,6,2,1,2
"RLT_57",6,7,2,1,2
"RLT_57",6,8,2,1,2
"RLT_57",6,9,2,1,2
"RLT_57",6,10,2,1,2
"RLT_58",1,1,2,1,2
"RLT_58",1,2,1,2,2
"RLT_58",1,3,1,2,1
"RLT_58",1,4,1,2,2
"RLT_58",1,5,1,2,1
"RLT_58",1,6,1,2,2
"RLT_58",1,7,1,2,1
"RLT_58",1,8,1,2,1
"RLT_58",1,9,1,2,1
"RLT_58",1,10,1,2,1
"RLT_58",1,1,1,1,2
"RLT_58",1,2,1,1,1
"RLT_58",1,3,1,1,2
"RLT_58",1,4,1,1,1
"RLT_58",1,5,1,1,1
"RLT_58",1,6,1,1,1
"RLT_58",1,7,1,1,1
"RLT_58",1,8,1,1,1
"RLT_58",1,9,2,1,2
"RLT_58",1,10,1,1,2
"RLT_58",2,1,1,2,1
"RLT_58",2,2,1,2,1
"RLT_58",2,3,1,2,2
"RLT_58",2,4,1,2,1
"RLT_58",2,5,1,2,1
"RLT_58",2,6,1,2,1
"RLT_58",2,7,1,2,1
"RLT_58",2,8,1,2,1
"RLT_58",2,9,1,2,1
"RLT_58",2,10,1,2,1
"RLT_58",2,1,1,1,1
"RLT_58",2,2,1,1,1
"RLT_58",2,3,1,1,1
"RLT_58",2,4,1,1,1
"RLT_58",2,5,1,1,2
"RLT_58",2,6,1,1,2
"RLT_58",2,7,1,1,2
"RLT_58",2,8,1,1,1
"RLT_58",2,9,1,1,1
"RLT_58",2,10,1,1,1
"RLT_58",3,1,1,2,2
"RLT_58",3,2,1,2,2
"RLT_58",3,3,2,2,2
"RLT_58",3,4,1,2,1
"RLT_58",3,5,1,2,2
"RLT_58",3,6,1,2,1
"RLT_58",3,7,1,2,1
"RLT_58",3,8,1,2,1
"RLT_58",3,9,1,2,1
"RLT_58",3,10,1,2,1
"RLT_58",3,1,2,1,2
"RLT_58",3,2,1,1,2
"RLT_58",3,3,1,2,2
"RLT_58",3,4,1,2,2
"RLT_58",3,5,1,2,2
"RLT_58",3,6,2,1,2
"RLT_58",3,7,2,1,2
"RLT_58",3,8,2,1,2
"RLT_58",3,9,2,1,2
"RLT_58",3,10,2,2,2
"RLT_58",4,1,1,2,1
"RLT_58",4,2,1,2,1
"RLT_58",4,3,1,2,1
"RLT_58",4,4,1,2,1
"RLT_58",4,5,1,2,2
"RLT_58",4,6,1,2,1
"RLT_58",4,7,1,2,1
"RLT_58",4,8,1,2,1
"RLT_58",4,9,1,2,1
"RLT_58",4,10,1,2,1
"RLT_58",4,1,1,2,2
"RLT_58",4,2,1,2,2
"RLT_58",4,3,2,2,2
"RLT_58",4,4,1,2,2
"RLT_58",4,5,2,2,2
"RLT_58",4,6,1,2,2
"RLT_58",4,7,2,1,2
"RLT_58",4,8,1,2,2
"RLT_58",4,9,2,1,2
"RLT_58",4,10,1,2,2
"RLT_58",5,1,1,1,1
"RLT_58",5,2,1,2,1
"RLT_58",5,3,1,2,1
"RLT_58",5,4,1,2,1
"RLT_58",5,5,1,1,1
"RLT_58",5,6,1,2,1
"RLT_58",5,7,1,2,2
"RLT_58",5,8,1,2,1
"RLT_58",5,9,1,2,1
"RLT_58",5,10,1,2,2
"RLT_58",5,1,2,1,2
"RLT_58",5,2,2,1,2
"RLT_58",5,3,1,2,2
"RLT_58",5,4,1,2,2
"RLT_58",5,5,1,2,2
"RLT_58",5,6,1,2,2
"RLT_58",5,7,1,2,2
"RLT_58",5,8,1,2,2
"RLT_58",5,9,1,1,2
"RLT_58",5,10,1,2,2
"RLT_58",6,1,1,2,1
"RLT_58",6,2,1,2,1
"RLT_58",6,3,1,2,1
"RLT_58",6,4,1,2,1
"RLT_58",6,5,1,2,1
"RLT_58",6,6,1,2,1
"RLT_58",6,7,1,1,1
"RLT_58",6,8,1,1,1
"RLT_58",6,9,1,2,2
"RLT_58",6,10,1,2,1
"RLT_58",6,1,1,1,1
"RLT_58",6,2,1,1,1
"RLT_58",6,3,1,1,1
"RLT_58",6,4,1,1,1
"RLT_58",6,5,1,1,2
"RLT_58",6,6,1,1,1
"RLT_58",6,7,1,1,2
"RLT_58",6,8,1,1,1
"RLT_58",6,9,1,1,1
"RLT_58",6,10,1,1,1
"RLT_59",1,1,2,1,2
"RLT_59",1,2,1,2,1
"RLT_59",1,3,1,1,2
"RLT_59",1,4,1,2,2
"RLT_59",1,5,1,2,1
"RLT_59",1,6,1,1,1
"RLT_59",1,7,1,2,1
"RLT_59",1,8,1,2,1
"RLT_59",1,9,1,1,2
"RLT_59",1,10,1,2,1
"RLT_59",1,1,1,1,1
"RLT_59",1,2,1,1,2
"RLT_59",1,3,1,1,1
"RLT_59",1,4,1,1,1
"RLT_59",1,5,1,1,2
"RLT_59",1,6,1,1,1
"RLT_59",1,7,1,1,2
"RLT_59",1,8,1,1,1
"RLT_59",1,9,1,1,1
"RLT_59",1,10,1,1,2
"RLT_59",2,1,1,2,1
"RLT_59",2,2,1,2,1
"RLT_59",2,3,1,1,1
"RLT_59",2,4,1,2,1
"RLT_59",2,5,1,2,1
"RLT_59",2,6,1,2,1
"RLT_59",2,7,1,2,1
"RLT_59",2,8,1,2,1
"RLT_59",2,9,1,2,2
"RLT_59",2,10,1,2,2
"RLT_59",2,1,2,1,2
"RLT_59",2,2,1,1,1
"RLT_59",2,3,1,1,1
"RLT_59",2,4,1,1,2
"RLT_59",2,5,1,1,2
"RLT_59",2,6,1,1,2
"RLT_59",2,7,1,1,2
"RLT_59",2,8,1,1,1
"RLT_59",2,9,1,1,1
"RLT_59",2,10,1,1,1
"RLT_59",3,1,1,2,2
"RLT_59",3,2,1,2,1
"RLT_59",3,3,1,2,2
"RLT_59",3,4,1,2,1
"RLT_59",3,5,1,2,1
"RLT_59",3,6,1,2,2
"RLT_59",3,7,1,2,2
"RLT_59",3,8,1,2,1
"RLT_59",3,9,1,2,1
"RLT_59",3,10,1,1,1
"RLT_59",3,1,1,2,2
"RLT_59",3,2,1,2,2
"RLT_59",3,3,1,2,2
"RLT_59",3,4,1,2,2
"RLT_59",3,5,1,2,2
"RLT_59",3,6,1,2,2
"RLT_59",3,7,1,2,2
"RLT_59",3,8,1,2,2
"RLT_59",3,9,1,1,2
"RLT_59",3,10,1,2,2
"RLT_59",4,1,1,2,1
"RLT_59",4,2,1,2,1
"RLT_59",4,3,1,1,1
"RLT_59",4,4,1,2,1
"RLT_59",4,5,1,2,1
"RLT_59",4,6,1,2,2
"RLT_59",4,7,1,1,1
"RLT_59",4,8,1,2,2
"RLT_59",4,9,1,2,1
"RLT_59",4,10,1,2,1
"RLT_59",4,1,1,1,1
"RLT_59",4,2,1,1,1
"RLT_59",4,3,1,1,2
"RLT_59",4,4,1,1,1
"RLT_59",4,5,1,1,1
"RLT_59",4,6,1,1,1
"RLT_59",4,7,1,1,1
"RLT_59",4,8,1,1,1
"RLT_59",4,9,1,1,2
"RLT_59",4,10,1,1,1
"RLT_59",5,1,1,2,2
"RLT_59",5,2,1,1,1
"RLT_59",5,3,1,1,1
"RLT_59",5,4,1,1,1
"RLT_59",5,5,1,2,1
"RLT_59",5,6,1,2,1
"RLT_59",5,7,1,1,2
"RLT_59",5,8,1,2,1
"RLT_59",5,9,1,2,2
"RLT_59",5,10,1,2,1
"RLT_59",5,1,2,1,2
"RLT_59",5,2,2,2,2
"RLT_59",5,3,2,1,2
"RLT_59",5,4,2,1,2
"RLT_59",5,5,2,2,2
"RLT_59",5,6,2,1,2
"RLT_59",5,7,1,2,2
"RLT_59",5,8,2,2,2
"RLT_59",5,9,2,1,2
"RLT_59",5,10,2,1,2
"RLT_59",6,1,1,2,1
"RLT_59",6,2,1,2,2
"RLT_59",6,3,1,1,1
"RLT_59",6,4,1,2,1
"RLT_59",6,5,1,2,2
"RLT_59",6,6,1,2,1
"RLT_59",6,7,1,1,1
"RLT_59",6,8,1,2,2
"RLT_59",6,9,1,1,1
"RLT_59",6,10,1,1,1
"RLT_59",6,1,1,2,2
"RLT_59",6,2,1,2,2
"RLT_59",6,3,1,2,2
"RLT_59",6,4,1,2,2
"RLT_59",6,5,1,2,2
"RLT_59",6,6,1,2,2
"RLT_59",6,7,1,2,2
"RLT_59",6,8,1,2,2
"RLT_59",6,9,1,1,2
"RLT_59",6,10,1,1,2
"RLT_67",1,1,2,2,1
"RLT_67",1,2,2,1,2
"RLT_67",1,3,2,1,2
"RLT_67",1,4,2,1,2
"RLT_67",1,5,2,2,2
"RLT_67",1,6,2,1,2
"RLT_67",1,7,2,1,2
"RLT_67",1,8,2,1,2
"RLT_67",1,9,2,1,1
"RLT_67",1,10,2,2,2
"RLT_67",1,1,2,1,2
"RLT_67",1,2,2,2,2
"RLT_67",1,3,2,2,2
"RLT_67",1,4,2,2,2
"RLT_67",1,5,2,1,2
"RLT_67",1,6,2,1,2
"RLT_67",1,7,2,1,2
"RLT_67",1,8,2,2,2
"RLT_67",1,9,2,1,2
"RLT_67",1,10,2,1,2
"RLT_67",2,1,2,1,2
"RLT_67",2,2,2,1,1
"RLT_67",2,3,2,1,2
"RLT_67",2,4,2,1,1
"RLT_67",2,5,2,1,2
"RLT_67",2,6,2,1,2
"RLT_67",2,7,2,1,2
"RLT_67",2,8,2,1,2
"RLT_67",2,9,2,2,2
"RLT_67",2,10,2,1,1
"RLT_67",2,1,1,1,1
"RLT_67",2,2,1,1,1
"RLT_67",2,3,1,1,1
"RLT_67",2,4,1,1,1
"RLT_67",2,5,1,1,1
"RLT_67",2,6,1,1,1
"RLT_67",2,7,1,1,1
"RLT_67",2,8,1,1,1
"RLT_67",2,9,1,1,1
"RLT_67",2,10,1,1,1
"RLT_67",3,1,2,1,1
"RLT_67",3,2,2,1,2
"RLT_67",3,3,2,1,1
"RLT_67",3,4,2,1,2
"RLT_67",3,5,2,1,2
"RLT_67",3,6,2,1,1
"RLT_67",3,7,2,1,2
"RLT_67",3,8,2,1,2
"RLT_67",3,9,2,1,2
"RLT_67",3,10,2,1,2
"RLT_67",3,1,2,2,2
"RLT_67",3,2,2,2,2
"RLT_67",3,3,2,1,2
"RLT_67",3,4,2,1,2
"RLT_67",3,5,2,1,2
"RLT_67",3,6,2,1,2
"RLT_67",3,7,2,2,2
"RLT_67",3,8,2,1,2
"RLT_67",3,9,2,1,2
"RLT_67",3,10,2,1,2
"RLT_67",4,1,2,1,2
"RLT_67",4,2,2,1,1
"RLT_67",4,3,2,1,2
"RLT_67",4,4,2,1,2
"RLT_67",4,5,2,1,2
"RLT_67",4,6,2,1,1
"RLT_67",4,7,2,1,2
"RLT_67",4,8,2,1,1
"RLT_67",4,9,2,1,2
"RLT_67",4,10,2,1,2
"RLT_67",4,1,1,1,1
"RLT_67",4,2,2,1,2
"RLT_67",4,3,1,1,1
"RLT_67",4,4,1,1,1
"RLT_67",4,5,1,1,2
"RLT_67",4,6,1,1,1
"RLT_67",4,7,1,1,1
"RLT_67",4,8,1,1,1
"RLT_67",4,9,1,1,1
"RLT_67",4,10,1,1,1
"RLT_67",5,1,2,1,2
"RLT_67",5,2,2,1,2
"RLT_67",5,3,2,1,1
"RLT_67",5,4,2,1,1
"RLT_67",5,5,2,1,2
"RLT_67",5,6,2,1,2
"RLT_67",5,7,2,1,2
"RLT_67",5,8,2,1,2
"RLT_67",5,9,2,1,2
"RLT_67",5,10,2,2,1
"RLT_67",5,1,2,1,2
"RLT_67",5,2,1,1,1
"RLT_67",5,3,1,1,1
"RLT_67",5,4,1,1,1
"RLT_67",5,5,1,1,1
"RLT_67",5,6,1,1,1
"RLT_67",5,7,1,1,1
"RLT_67",5,8,1,1,1
"RLT_67",5,9,1,1,1
"RLT_67",5,10,1,1,1
"RLT_67",6,1,2,1,2
"RLT_67",6,2,2,1,2
"RLT_67",6,3,2,1,2
"RLT_67",6,4,2,1,2
"RLT_67",6,5,2,1,2
"RLT_67",6,6,2,1,2
"RLT_67",6,7,2,2,1
"RLT_67",6,8,2,1,1
"RLT_67",6,9,2,1,2
"RLT_67",6,10,2,1,2
"RLT_67",6,1,2,1,2
"RLT_67",6,2,2,1,2
"RLT_67",6,3,2,1,2
"RLT_67",6,4,2,1,2
"RLT_67",6,5,2,1,2
"RLT_67",6,6,2,2,2
"RLT_67",6,7,2,1,2
"RLT_67",6,8,2,1,2
"RLT_67",6,9,2,1,2
"RLT_67",6,10,2,1,2
"RLT_72",1,1,1,2,1
"RLT_72",1,2,2,2,2
"RLT_72",1,3,1,2,2
"RLT_72",1,4,2,1,2
"RLT_72",1,5,2,1,2
"RLT_72",1,6,2,1,2
"RLT_72",1,7,2,1,2
"RLT_72",1,8,2,1,2
"RLT_72",1,9,2,1,2
"RLT_72",1,10,2,1,2
"RLT_72",1,1,2,1,2
"RLT_72",1,2,2,1,2
"RLT_72",1,3,2,1,2
"RLT_72",1,4,2,1,2
"RLT_72",1,5,2,1,2
"RLT_72",1,6,2,1,2
"RLT_72",1,7,2,1,2
"RLT_72",1,8,2,1,2
"RLT_72",1,9,2,1,2
"RLT_72",1,10,2,1,2
"RLT_72",2,1,2,2,2
"RLT_72",2,2,1,2,2
"RLT_72",2,3,2,2,2
"RLT_72",2,4,1,2,1
"RLT_72",2,5,2,1,2
"RLT_72",2,6,2,1,2
"RLT_72",2,7,2,2,1
"RLT_72",2,8,2,2,2
"RLT_72",2,9,2,1,2
"RLT_72",2,10,2,1,2
"RLT_72",2,1,2,1,2
"RLT_72",2,2,2,1,2
"RLT_72",2,3,2,1,2
"RLT_72",2,4,2,1,2
"RLT_72",2,5,2,1,2
"RLT_72",2,6,2,1,2
"RLT_72",2,7,2,1,2
"RLT_72",2,8,2,1,2
"RLT_72",2,9,2,1,2
"RLT_72",2,10,2,1,2
"RLT_72",3,1,1,2,2
"RLT_72",3,2,2,1,2
"RLT_72",3,3,1,1,1
"RLT_72",3,4,1,2,1
"RLT_72",3,5,1,2,1
"RLT_72",3,6,2,1,2
"RLT_72",3,7,2,1,2
"RLT_72",3,8,2,2,1
"RLT_72",3,9,2,2,2
"RLT_72",3,10,2,1,2
"RLT_72",3,1,1,1,2
"RLT_72",3,2,1,1,2
"RLT_72",3,3,2,1,2
"RLT_72",3,4,1,1,1
"RLT_72",3,5,1,1,1
"RLT_72",3,6,1,1,2
"RLT_72",3,7,1,1,1
"RLT_72",3,8,1,1,1
"RLT_72",3,9,2,1,1
"RLT_72",3,10,2,1,2
"RLT_72",4,1,2,1,2
"RLT_72",4,2,2,1,2
"RLT_72",4,3,2,2,2
"RLT_72",4,4,2,1,2
"RLT_72",4,5,2,1,2
"RLT_72",4,6,2,1,2
"RLT_72",4,7,1,2,1
"RLT_72",4,8,2,1,2
"RLT_72",4,9,2,1,2
"RLT_72",4,10,2,1,2
"RLT_72",4,1,2,1,2
"RLT_72",4,2,2,1,2
"RLT_72",4,3,2,1,2
"RLT_72",4,4,2,1,2
"RLT_72",4,5,2,2,2
"RLT_72",4,6,2,1,2
"RLT_72",4,7,2,1,2
"RLT_72",4,8,2,1,2
"RLT_72",4,9,2,1,2
"RLT_72",4,10,2,1,2
"RLT_72",5,1,1,1,1
"RLT_72",5,2,1,1,1
"RLT_72",5,3,1,2,1
"RLT_72",5,4,1,2,1
"RLT_72",5,5,2,1,1
"RLT_72",5,6,2,1,2
"RLT_72",5,7,2,1,2
"RLT_72",5,8,2,1,2
"RLT_72",5,9,2,1,2
"RLT_72",5,10,2,2,2
"RLT_72",5,1,2,1,2
"RLT_72",5,2,2,1,1
"RLT_72",5,3,2,1,2
"RLT_72",5,4,2,1,2
"RLT_72",5,5,2,1,1
"RLT_72",5,6,2,1,2
"RLT_72",5,7,2,1,2
"RLT_72",5,8,1,1,2
"RLT_72",5,9,1,1,1
"RLT_72",5,10,1,1,1
"RLT_72",6,1,1,2,2
"RLT_72",6,2,2,2,2
"RLT_72",6,3,2,1,2
"RLT_72",6,4,2,1,2
"RLT_72",6,5,2,1,2
"RLT_72",6,6,2,1,2
"RLT_72",6,7,2,1,2
"RLT_72",6,8,2,1,2
"RLT_72",6,9,2,1,1
"RLT_72",6,10,2,2,2
"RLT_72",6,1,1,1,1
"RLT_72",6,2,2,1,2
"RLT_72",6,3,1,1,1
"RLT_72",6,4,1,1,1
"RLT_72",6,5,1,1,1
"RLT_72",6,6,1,1,2
"RLT_72",6,7,1,1,1
"RLT_72",6,8,1,1,1
"RLT_72",6,9,1,1,1
"RLT_72",6,10,1,1,1
"RLT_73",1,1,1,2,2
"RLT_73",1,2,1,2,1
"RLT_73",1,3,1,2,1
"RLT_73",1,4,2,1,2
"RLT_73",1,5,2,1,2
"RLT_73",1,6,2,1,2
"RLT_73",1,7,1,2,1
"RLT_73",1,8,1,2,2
"RLT_73",1,9,1,2,1
"RLT_73",1,10,2,1,2
"RLT_73",1,1,2,1,1
"RLT_73",1,2,2,1,2
"RLT_73",1,3,2,1,2
"RLT_73",1,4,1,1,1
"RLT_73",1,5,1,1,1
"RLT_73",1,6,1,1,1
"RLT_73",1,7,1,1,1
"RLT_73",1,8,1,1,2
"RLT_73",1,9,1,1,2
"RLT_73",1,10,1,1,1
"RLT_73",2,1,1,2,1
"RLT_73",2,2,1,2,1
"RLT_73",2,3,2,1,2
"RLT_73",2,4,2,1,2
"RLT_73",2,5,1,2,1
"RLT_73",2,6,2,2,2
"RLT_73",2,7,2,1,2
"RLT_73",2,8,2,2,2
"RLT_73",2,9,2,1,2
"RLT_73",2,10,1,2,1
"RLT_73",2,1,2,1,2
"RLT_73",2,2,1,1,2
"RLT_73",2,3,2,1,2
"RLT_73",2,4,2,1,2
"RLT_73",2,5,1,1,1
"RLT_73",2,6,1,1,1
"RLT_73",2,7,1,1,1
"RLT_73",2,8,1,1,1
"RLT_73",2,9,1,1,2
"RLT_73",2,10,1,1,2
"RLT_73",3,1,1,1,1
"RLT_73",3,2,1,2,1
"RLT_73",3,3,1,2,1
"RLT_73",3,4,1,2,1
"RLT_73",3,5,2,1,1
"RLT_73",3,6,2,1,2
"RLT_73",3,7,1,2,1
"RLT_73",3,8,1,2,1
"RLT_73",3,9,2,1,2
"RLT_73",3,10,2,1,2
"RLT_73",3,1,1,1,1
"RLT_73",3,2,1,1,1
"RLT_73",3,3,1,1,1
"RLT_73",3,4,1,1,1
"RLT_73",3,5,1,1,2
"RLT_73",3,6,1,1,1
"RLT_73",3,7,1,1,1
"RLT_73",3,8,1,1,2
"RLT_73",3,9,1,1,2
"RLT_73",3,10,1,1,2
"RLT_73",4,1,1,1,2
"RLT_73",4,2,1,2,1
"RLT_73",4,3,1,2,1
"RLT_73",4,4,2,2,1
"RLT_73",4,5,1,2,1
"RLT_73",4,6,1,2,2
"RLT_73",4,7,1,2,2
"RLT_73",4,8,2,1,2
"RLT_73",4,9,1,2,1
"RLT_73",4,10,2,2,2
"RLT_73",4,1,2,1,2
"RLT_73",4,2,2,1,2
"RLT_73",4,3,2,1,2
"RLT_73",4,4,2,1,2
"RLT_73",4,5,2,1,2
"RLT_73",4,6,2,2,2
"RLT_73",4,7,2,1,2
"RLT_73",4,8,2,1,2
"RLT_73",4,9,2,1,2
"RLT_73",4,10,2,2,2
"RLT_73",5,1,2,1,1
"RLT_73",5,2,2,1,1
"RLT_73",5,3,2,1,2
"RLT_73",5,4,1,2,1
"RLT_73",5,5,1,2,1
"RLT_73",5,6,1,2,1
"RLT_73",5,7,2,2,2
"RLT_73",5,8,2,1,2
"RLT_73",5,9,1,2,1
"RLT_73",5,10,2,1,2
"RLT_73",5,1,2,2,2
"RLT_73",5,2,2,2,2
"RLT_73",5,3,2,1,2
"RLT_73",5,4,2,1,2
"RLT_73",5,5,2,1,2
"RLT_73",5,6,2,1,2
"RLT_73",5,7,2,1,2
"RLT_73",5,8,2,1,2
"RLT_73",5,9,2,2,2
"RLT_73",5,10,2,1,2
"RLT_73",6,1,1,2,1
"RLT_73",6,2,1,1,1
"RLT_73",6,3,1,2,1
"RLT_73",6,4,1,1,1
"RLT_73",6,5,2,1,2
"RLT_73",6,6,2,1,2
"RLT_73",6,7,2,1,2
"RLT_73",6,8,2,1,2
"RLT_73",6,9,1,2,1
"RLT_73",6,10,1,2,1
"RLT_73",6,1,2,1,2
"RLT_73",6,2,2,1,2
"RLT_73",6,3,2,1,2
"RLT_73",6,4,2,1,2
"RLT_73",6,5,2,1,2
"RLT_73",6,6,2,1,2
"RLT_73",6,7,2,1,2
"RLT_73",6,8,2,1,2
"RLT_73",6,9,2,1,2
"RLT_73",6,10,2,1,2
"RLT_79",1,1,1,1,1
"RLT_79",1,2,2,1,2
"RLT_79",1,3,2,2,2
"RLT_79",1,4,2,1,1
"RLT_79",1,5,2,1,1
"RLT_79",1,6,2,2,2
"RLT_79",1,7,2,2,1
"RLT_79",1,8,2,1,1
"RLT_79",1,9,2,1,2
"RLT_79",1,10,2,1,2
"RLT_79",1,1,2,1,2
"RLT_79",1,2,2,1,2
"RLT_79",1,3,2,1,2
"RLT_79",1,4,2,1,2
"RLT_79",1,5,2,1,2
"RLT_79",1,6,2,1,2
"RLT_79",1,7,2,1,2
"RLT_79",1,8,2,2,2
"RLT_79",1,9,2,2,2
"RLT_79",1,10,2,2,2
"RLT_79",2,1,1,2,2
"RLT_79",2,2,1,2,1
"RLT_79",2,3,2,1,2
"RLT_79",2,4,2,1,2
"RLT_79",2,5,2,1,1
"RLT_79",2,6,2,1,1
"RLT_79",2,7,2,1,2
"RLT_79",2,8,2,1,1
"RLT_79",2,9,2,1,2
"RLT_79",2,10,2,1,2
"RLT_79",2,1,2,1,2
"RLT_79",2,2,1,1,1
"RLT_79",2,3,1,1,2
"RLT_79",2,4,1,1,1
"RLT_79",2,5,1,1,1
"RLT_79",2,6,1,1,1
"RLT_79",2,7,1,1,1
"RLT_79",2,8,1,1,1
"RLT_79",2,9,1,1,1
"RLT_79",2,10,1,1,1
"RLT_79",3,1,1,2,1
"RLT_79",3,2,1,2,1
"RLT_79",3,3,1,2,1
"RLT_79",3,4,2,1,2
"RLT_79",3,5,2,1,2
"RLT_79",3,6,2,1,1
"RLT_79",3,7,2,1,2
"RLT_79",3,8,2,1,1
"RLT_79",3,9,2,1,2
"RLT_79",3,10,2,1,1
"RLT_79",3,1,1,1,1
"RLT_79",3,2,1,1,1
"RLT_79",3,3,1,1,1
"RLT_79",3,4,1,1,1
"RLT_79",3,5,1,1,2
"RLT_79",3,6,1,1,1
"RLT_79",3,7,1,1,2
"RLT_79",3,8,1,1,2
"RLT_79",3,9,1,1,1
"RLT_79",3,10,1,1,1
"RLT_79",4,1,1,1,1
"RLT_79",4,2,1,2,1
"RLT_79",4,3,2,1,2
"RLT_79",4,4,2,2,2
"RLT_79",4,5,2,1,2
"RLT_79",4,6,2,1,2
"RLT_79",4,7,2,1,2
"RLT_79",4,8,2,1,2
"RLT_79",4,9,2,1,1
"RLT_79",4,10,2,1,1
"RLT_79",4,1,1,1,1
"RLT_79",4,2,1,1,2
"RLT_79",4,3,1,1,2
"RLT_79",4,4,1,1,2
"RLT_79",4,5,1,1,1
"RLT_79",4,6,1,1,2
"RLT_79",4,7,1,1,1
"RLT_79",4,8,1,1,1
"RLT_79",4,9,1,1,1
"RLT_79",4,10,1,1,1
"RLT_79",5,1,2,1,2
"RLT_79",5,2,2,1,2
"RLT_79",5,3,2,1,2
"RLT_79",5,4,2,1,2
"RLT_79",5,5,2,2,2
"RLT_79",5,6,2,1,2
"RLT_79",5,7,2,2,1
"RLT_79",5,8,2,2,2
"RLT_79",5,9,1,2,1
"RLT_79",5,10,2,1,2
"RLT_79",5,1,2,1,2
"RLT_79",5,2,1,1,2
"RLT_79",5,3,2,2,2
"RLT_79",5,4,1,2,2
"RLT_79",5,5,2,1,2
"RLT_79",5,6,1,1,2
"RLT_79",5,7,2,1,2
"RLT_79",5,8,2,1,2
"RLT_79",5,9,2,1,2
"RLT_79",5,10,2,1,2
"RLT_79",6,1,1,2,2
"RLT_79",6,2,1,1,1
"RLT_79",6,3,2,2,2
"RLT_79",6,4,2,1,2
"RLT_79",6,5,2,1,1
"RLT_79",6,6,2,2,2
"RLT_79",6,7,2,1,2
"RLT_79",6,8,2,2,2
"RLT_79",6,9,2,1,2
"RLT_79",6,10,2,1,2
"RLT_79",6,1,2,2,2
"RLT_79",6,2,2,1,2
"RLT_79",6,3,2,1,2
"RLT_79",6,4,2,2,2
"RLT_79",6,5,2,2,2
"RLT_79",6,6,2,1,2
"RLT_79",6,7,2,1,2
"RLT_79",6,8,2,1,2
"RLT_79",6,9,2,1,2
"RLT_79",6,10,2,1,2
